food_name,fdc_id,brand,food_category,market_country,serving_size,serving_size_unit,protein,percent_daily_value,fat,carbs,calories,fiber,calcium,iron,potassium,sodium,cholesterol_mg,saturated_fat_g,microbes,allergens,additives,labels,nutrient_group,brand_name,food_labels,package_size,food_safety_info,expiration_date,country_of_origin,vitamin_a_iu,vitamin_c_mg
"HONEYDEW CHUNKS, HONEYDEW",2374982,"Del Monte Fresh Produce N.A., Inc.",Pre-Packaged Fruit & Vegetables,United States,142.0,g,0.7,0,0.0,9.15,35.0,0.7,6.0,0.0,227.0,18.0,0.0,0.0,No microbes listed,None,None,None,Unknown,"Del Monte Fresh Produce N.A., Inc.",None,Not available,No safety info available,Not available,Not specified,,
"HONEYDEW RAW KOMBUCHA, HONEYDEW",2283058,Makana Beverages Inc,Other Drinks,United States,355.0,ml,0.0,18,0.0,2.82,11.0,,,,,3.0,,,No microbes listed,None,None,None,Unknown,Makana Beverages Inc,None,Not available,No safety info available,Not available,Not specified,,
"HONEYDEW HYDROGEN INFUSED WATER, HONEYDEW",2583954,"HyEdge, Inc",Water,United States,325.0,MLT,0.0,0,0.0,0.0,0.0,,,,,0.0,,,No microbes listed,None,None,None,Unknown,"HyEdge, Inc",None,Not available,No safety info available,Not available,Not specified,,
HONEYDEW CHUNKS,2375207,Healing Md,Pre-Packaged Fruit & Vegetables,United States,85.0,g,0.0,0,0.0,9.41,35.0,1.2,0.0,0.0,165.0,18.0,0.0,0.0,No microbes listed,None,None,None,Unknown,Healing Md,None,Not available,No safety info available,Not available,Not specified,,
HONEYDEW CHUNKS,2455155,Harris-Teeter Inc.,Pre-Packaged Fruit & Vegetables,United States,142.0,g,0.7,0,0.0,9.15,35.0,0.7,6.0,0.14,229.0,18.0,0.0,0.0,No microbes listed,None,None,None,Unknown,Harris-Teeter Inc.,None,Not available,No safety info available,Not available,Not specified,,
HONEYDEW CHUNK,2427078,"TH Kitchens, LP",Pre-Packaged Fruit & Vegetables,United States,45.0,g,0.0,0,0.0,8.89,33.0,0.0,16.0,0.0,158.0,22.0,0.0,0.0,No microbes listed,None,None,None,Unknown,"TH Kitchens, LP",None,Not available,No safety info available,Not available,Not specified,,
HONEYDEW CHUNKS,2068472,Papa John's Salads & Produce,Pre-Packaged Fruit & Vegetables,United States,142.0,g,0.7,0,0.0,9.15,35.0,0.7,0.0,0.25,,18.0,0.0,0.0,No microbes listed,None,None,None,Unknown,Papa John's Salads & Produce,None,Not available,No safety info available,Not available,Not specified,70.0,19.0
"KIWI LEMONADE, KIWI",2085325,King Juice Co.Of Wis.Inc.,Soda,United States,237.0,ml,0.0,0,0.0,12.2,51.0,,0.0,0.0,,8.0,0.0,0.0,No microbes listed,None,None,None,Unknown,King Juice Co.Of Wis.Inc.,None,Not available,No safety info available,Not available,Not specified,0.0,1.0
"KIWI TOPPING, KIWI",959853,FELCHLIN,Baking Decorations & Dessert Toppings,United States,36.0,g,0.0,0,0.0,44.4,183.0,0.7,0.0,0.5,,3.0,,0.0,No microbes listed,None,None,None,Unknown,FELCHLIN,None,Not available,No safety info available,Not available,Not specified,0.0,25.0
KIWI,1662236,Sun Pacific Shippers,Pre-Packaged Fruit & Vegetables,United States,148.0,g,1.35,0,0.68,14.9,61.0,2.7,41.0,0.24,311.0,0.0,0.0,0.0,No microbes listed,None,None,None,Unknown,Sun Pacific Shippers,None,Not available,No safety info available,Not available,Not specified,68.0,93.2
KIWI,1662272,Sun Pacific Shippers,Pre-Packaged Fruit & Vegetables,United States,148.0,g,1.35,0,0.68,14.9,61.0,2.7,41.0,0.24,311.0,0.0,0.0,0.0,No microbes listed,None,None,None,Unknown,Sun Pacific Shippers,None,Not available,No safety info available,Not available,Not specified,68.0,93.2
"WATERMELON CHUNKS, WATERMELON",2369392,Healing Md,Pre-Packaged Fruit & Vegetables,United States,142.0,g,0.7,0,0.0,,32.0,0.7,0.0,0.25,99.0,0.0,0.0,0.0,No microbes listed,None,None,None,Unknown,Healing Md,None,Not available,No safety info available,Not available,Not specified,,
"WATERMELON CHUNKS, WATERMELON",2420454,"Taylor Fresh Foods, Inc.",Pre-Packaged Fruit & Vegetables,United States,283.0,g,0.71,0,0.0,7.42,35.0,0.4,7.0,0.25,113.0,0.0,0.0,0.0,No microbes listed,None,None,None,Unknown,"Taylor Fresh Foods, Inc.",None,Not available,No safety info available,Not available,Not specified,,
"WATERMELON SPEARS, WATERMELON",2503954,Country Fresh Inc.,Pre-Packaged Fruit & Vegetables,United States,113.0,MG,0.88,0,0.0,7.96,31.0,0.0,0.0,0.32,,0.0,0.0,0.0,No microbes listed,None,None,None,Unknown,Country Fresh Inc.,None,Not available,No safety info available,Not available,Not specified,664.0,8.0
"WATERMELON SPEARS, WATERMELON",2503962,Country Fresh Inc.,Pre-Packaged Fruit & Vegetables,United States,113.0,MG,0.88,0,0.0,7.96,31.0,0.0,0.0,0.32,,0.0,0.0,0.0,No microbes listed,None,None,None,Unknown,Country Fresh Inc.,None,Not available,No safety info available,Not available,Not specified,664.0,8.0
"WATERMELON SPEARS, WATERMELON",2652963,"TH Kitchens, LP",Pre-Packaged Fruit & Vegetables,United States,454.0,GRM,0.66,0,0.11,7.49,31.0,0.4,7.0,0.24,112.0,0.0,0.0,0.0,No microbes listed,None,None,None,Unknown,"TH Kitchens, LP",None,Not available,No safety info available,Not available,Not specified,,
"WATERMELON JUICE, WATERMELON",2486407,"CoCo Joy, LLC","Fruit & Vegetable Juice, Nectars & Fruit Drinks",United States,250.0,ml,0.0,0,0.0,8.0,32.0,0.0,0.0,0.0,80.0,5.0,0.0,0.0,No microbes listed,None,None,None,Unknown,"CoCo Joy, LLC",None,Not available,No safety info available,Not available,Not specified,1460.0,5.2
PRODUCE PROTECTOR,2124863,Newell Brands Inc.,"Seasoning Mixes, Salts, Marinades & Tenderizers",United States,1.0,g,0.0,230,0.0,100.0,500.0,,,,,0.0,,,No microbes listed,None,None,None,Unknown,Newell Brands Inc.,None,Not available,No safety info available,Not available,Not specified,,13800.0
"PRODUCE, BEET CHIPS",2045722,Torn & Glasser Inc,"Chips, Pretzels & Snacks",United States,28.0,g,10.7,5,12.5,46.4,536.0,17.9,143.0,9.64,,339.0,0.0,3.57,No microbes listed,None,None,None,Unknown,Torn & Glasser Inc,None,Not available,No safety info available,Not available,Not specified,0.0,0.0
"PRODUCE, DRIED CRANBERRIES",1866041,"Bay Valley Foods, LLC",Wholesome Snacks,United States,40.0,g,0.0,0,0.0,82.5,325.0,5.0,0.0,0.9,,0.0,0.0,0.0,No microbes listed,None,None,None,Unknown,"Bay Valley Foods, LLC",None,Not available,No safety info available,Not available,Not specified,0.0,6.0
"PRODUCE, SESAME STICK",2043833,Torn & Glasser Inc,Other Snacks,United States,30.0,g,10.0,10,36.7,46.7,567.0,3.3,200.0,4.8,,1500.0,0.0,6.67,No microbes listed,None,None,None,Unknown,Torn & Glasser Inc,None,Not available,No safety info available,Not available,Not specified,0.0,0.0
"PRODUCE, VEGGIE CHIPS",1866022,"Bay Valley Foods, LLC","Chips, Pretzels & Snacks",United States,30.0,g,3.33,10,20.0,73.3,500.0,10.0,67.0,1.2,,217.0,0.0,6.67,No microbes listed,None,None,None,Unknown,"Bay Valley Foods, LLC",None,Not available,No safety info available,Not available,Not specified,1330.0,0.0
FRUIT-FRESH PRODUCE PROTECTOR,1861239,Newell Brands Inc.,"Seasoning Mixes, Salts, Marinades & Tenderizers",United States,1.0,g,0.0,230,0.0,100.0,500.0,,,,,0.0,,,No microbes listed,None,None,None,Unknown,Newell Brands Inc.,None,Not available,No safety info available,Not available,Not specified,,13800.0
"SPECIALTY, ASIAGO CHEESE ARTISAN BREAD, ASIAGO CHEESE",2621106,Wakefern Food Corporation,Breads & Buns,United States,41.0,GRM,12.2,5,6.1,58.5,585.0,2.4,122.0,4.88,122.0,878.0,12.0,2.44,No microbes listed,None,None,None,Unknown,Wakefern Food Corporation,None,Not available,No safety info available,Not available,Not specified,,
"SPECIALTY, BLACK & GREEN OLIVE ARTISAN BREAD, BLACK & GREEN OLIVE",2621101,Wakefern Food Corporation,Breads & Buns,United States,57.0,GRM,7.02,0,4.39,47.4,263.0,1.8,18.0,3.51,70.0,737.0,0.0,0.0,No microbes listed,None,None,None,Unknown,Wakefern Food Corporation,None,Not available,No safety info available,Not available,Not specified,,
"FLATBREAD PIZZA CRUST, FLATBREAD",1858514,T. Marzetti Company,Crusts & Dough,United States,57.0,g,10.5,0,6.14,45.6,263.0,8.8,0.0,1.93,211.0,596.0,0.0,0.0,No microbes listed,None,None,None,Unknown,T. Marzetti Company,None,Not available,No safety info available,Not available,Not specified,,
FLATBREAD PIZZA CRUST,2433896,Food Town Stores Inc.,Crusts & Dough,United States,59.0,g,8.47,0,5.93,54.2,305.0,1.7,85.0,3.22,119.0,59.0,0.0,0.0,No microbes listed,None,None,None,Unknown,Food Town Stores Inc.,None,Not available,No safety info available,Not available,Not specified,,
"PEACH COBBLER SWEET POTATO PIES, PEACH COBBLER",2150377,Teedys Gramme,"Croissants, Sweet Rolls, Muffins & Other Pastries",United States,156.0,g,1.28,35,8.33,43.6,244.0,1.9,6.0,0.83,122.0,141.0,13.0,4.49,No microbes listed,None,None,None,Unknown,Teedys Gramme,None,Not available,No safety info available,Not available,Not specified,,
PLANT-BASED CHEESE ALTERNATIVE,2641487,Bel Brands USA Inc.,Other Snacks,United States,20.0,GRM,0.0,18,20.0,25.0,250.0,0.0,750.0,4.0,0.0,750.0,0.0,17.5,No microbes listed,None,None,None,Unknown,Bel Brands USA Inc.,None,Not available,No safety info available,Not available,Not specified,,
PLANT-BASED CHEESE ALTERNATIVE,2304817,Bel Brands USA Inc.,Cheese,United States,20.0,g,0.0,15,17.5,20.0,250.0,1.2,700.0,4.0,0.0,750.0,0.0,15.0,No microbes listed,None,None,None,Unknown,Bel Brands USA Inc.,None,Not available,No safety info available,Not available,Not specified,,
PLANT BASED ALTERNATIVE SOUR CREAM,2398435,The Kroger Co.,Cream,United States,28.0,g,0.0,15,12.5,7.14,143.0,3.6,143.0,0.0,0.0,286.0,0.0,10.7,No microbes listed,None,None,None,Unknown,The Kroger Co.,None,Not available,No safety info available,Not available,Not specified,,
PLANT-BASED CHEESE ALTERNATIVES SNACKS,2652263,Bel Brands USA Inc.,Cheese,United States,20.0,GRM,,15,17.5,20.0,250.0,0.0,700.0,4.0,0.0,750.0,0.0,15.0,No microbes listed,None,None,None,Unknown,Bel Brands USA Inc.,None,Not available,No safety info available,Not available,Not specified,,
PLANT-BASED WHOLE MILK ALTERNATIVE,2482701,TheNotCompany Inc.,Plant Based Milk,United States,237.0,ml,1.69,3,3.38,1.69,42.0,0.0,135.0,0.38,241.0,76.0,0.0,0.21,No microbes listed,None,None,None,Unknown,TheNotCompany Inc.,None,Not available,No safety info available,Not available,Not specified,,
WHOLE PLANT-BASED MILK ALTERNATIVE,2642469,TheNotCompany Inc.,Milk,United States,237.0,MLT,1.69,3,3.38,2.53,42.0,0.8,127.0,0.38,148.0,80.0,0.0,0.21,No microbes listed,None,None,None,Unknown,TheNotCompany Inc.,None,Not available,No safety info available,Not available,Not specified,,
"CHEDDAR PLANT BASED NON-DAIRY SLICES CHEESE ALTERNATIVE, CHEDDAR",2484358,Glencourt Inc.,Cheese,United States,21.0,g,0.0,23,21.4,19.0,286.0,0.0,619.0,0.0,48.0,1050.0,0.0,21.4,No microbes listed,None,None,None,Unknown,Glencourt Inc.,None,Not available,No safety info available,Not available,Not specified,34300.0,
"MOZZARELLA PLANT BASED NON-DAIRY SLICES CHEESE ALTERNATIVE, MOZZARELLA",2484153,Glencourt Inc.,Cheese,United States,21.0,g,0.0,23,21.4,19.0,286.0,0.0,619.0,0.0,48.0,1050.0,0.0,21.4,No microbes listed,None,None,None,Unknown,Glencourt Inc.,None,Not available,No safety info available,Not available,Not specified,34300.0,
"PLAIN PLANT BASED ALMONDMILK NON-DAIRY YOGURT ALTERNATIVE, PLAIN",2383236,"Ahold USA, Inc. ",Yogurt,United States,170.0,g,2.94,5,7.65,5.29,94.0,1.2,35.0,0.59,94.0,6.0,0.0,0.59,No microbes listed,None,None,None,Unknown,"Ahold USA, Inc. ",None,Not available,No safety info available,Not available,Not specified,,
"PLANT-BASED WITH DAIRY FREE CHEDDAR ALTERNATIVE BURGER PATTIES, CHEDDAR",2597307,Smithfield Farmland Corp.,Frozen Patties and Burgers,United States,112.0,GRM,14.3,35,12.5,9.82,205.0,2.7,170.0,2.59,393.0,446.0,0.0,6.25,No microbes listed,None,None,None,Unknown,Smithfield Farmland Corp.,None,Not available,No safety info available,Not available,Not specified,,
LOOSE TEA,2601142,Lipton,Tea Bags,United States,2.0,GRM,0.0,0,0.0,0.0,0.0,,,,1250.0,0.0,,,No microbes listed,None,None,None,Unknown,Lipton,None,Not available,No safety info available,Not available,Not specified,,
LOOSE BLACK TEA,2546936,,Tea Bags,United States,2.0,GRM,0.0,0,0.0,50.0,0.0,,,,,0.0,,,No microbes listed,None,None,None,Unknown,,None,Not available,No safety info available,Not available,Not specified,,
"BLACK LOOSE TEA, BLACK",2493410,"Tetley USA, Inc.",Tea Bags,United States,2.0,GRM,0.0,0,0.0,50.0,0.0,,,,,0.0,,,No microbes listed,None,None,None,Unknown,"Tetley USA, Inc.",None,Not available,No safety info available,Not available,Not specified,,
"BLACK LOOSE LEAF TEA, BLACK",2534900,"John Fantasy Productions, Inc.",Tea Bags,United States,2.0,GRM,0.0,0,0.0,0.0,0.0,,,,,0.0,,,No microbes listed,None,None,None,Unknown,"John Fantasy Productions, Inc.",None,Not available,No safety info available,Not available,Not specified,,
LOOSE LEAF PREMIUM BLACK TEA,2641433,"Tetley USA, Inc.",Tea Bags,United States,2.0,GRM,0.0,0,0.0,0.0,0.0,,,,,0.0,,,No microbes listed,None,None,None,Unknown,"Tetley USA, Inc.",None,Not available,No safety info available,Not available,Not specified,,
YERBA MATE LOOSE LEAF TEA,2434081,Guayaki Herbal Products,Other Drinks,United States,3.0,g,0.0,0,0.0,33.3,167.0,,,,,0.0,,,No microbes listed,None,None,None,Unknown,Guayaki Herbal Products,None,Not available,No safety info available,Not available,Not specified,,
"JASMINE GREEN LOOSE LEAF TEA, JASMINE",2032205,The Kroger Co.,Tea Bags,United States,2.5,g,0.0,0,0.0,0.0,0.0,,,,,0.0,,,No microbes listed,None,None,None,Unknown,The Kroger Co.,None,Not available,No safety info available,Not available,Not specified,,
"CHICKEN BOUILLON POWDER, CHICKEN BOUILLON",2505414,Lee Kum Kee Co. Ltd.,"Seasoning Mixes, Salts, Marinades & Tenderizers",United States,5.0,GM,20.0,35,0.0,60.0,300.0,,,,,16200.0,,,No microbes listed,None,None,None,Unknown,Lee Kum Kee Co. Ltd.,None,Not available,No safety info available,Not available,Not specified,,
BEEF BOUILLON,2080546,"Hy-Vee, Inc.","Seasoning Mixes, Salts, Marinades & Tenderizers",United States,4.0,g,0.0,0,0.0,25.0,125.0,,,,,24200.0,,0.0,No microbes listed,None,None,None,Unknown,"Hy-Vee, Inc.",None,Not available,No safety info available,Not available,Not specified,,
NATURAL EDIBLE CAKE DECORATION,1983480,With You Designs LLC,Baking Decorations & Dessert Toppings,United States,0.699999988079071,g,0.0,0,0.0,571.0,329.0,,,,,0.0,,,No microbes listed,None,None,None,Unknown,With You Designs LLC,None,Not available,No safety info available,Not available,Not specified,,
EDIBLE DECOR,2112764,"My Favorite Company, Inc.",Baking Decorations & Dessert Toppings,United States,4.0,g,0.0,3,12.5,75.0,375.0,0.0,0.0,0.0,,0.0,0.0,12.5,No microbes listed,None,None,None,Unknown,"My Favorite Company, Inc.",None,Not available,No safety info available,Not available,Not specified,0.0,0.0
EDIBLE DECOR,1933195,"My Favorite Company, Inc.",Baking Decorations & Dessert Toppings,United States,4.0,g,0.0,3,12.5,75.0,375.0,0.0,0.0,0.0,0.0,0.0,0.0,12.5,No microbes listed,None,None,None,Unknown,"My Favorite Company, Inc.",None,Not available,No safety info available,Not available,Not specified,,
EDIBLE DECOR,2094844,Xcell International Corp,Baking Decorations & Dessert Toppings,United States,6.0,g,0.0,0,0.0,100.0,333.0,0.0,0.0,0.0,,0.0,0.0,0.0,No microbes listed,None,None,None,Unknown,Xcell International Corp,None,Not available,No safety info available,Not available,Not specified,0.0,0.0
EDIBLE DECOR,1930858,"My Favorite Company, Inc.",Baking Decorations & Dessert Toppings,United States,4.0,g,0.0,0,0.0,100.0,375.0,0.0,0.0,0.0,,0.0,0.0,0.0,No microbes listed,None,None,None,Unknown,"My Favorite Company, Inc.",None,Not available,No safety info available,Not available,Not specified,0.0,0.0
EDIBLE DECOR,2094843,Xcell International Corp,Baking Decorations & Dessert Toppings,United States,5.0,g,0.0,0,0.0,80.0,400.0,0.0,0.0,0.0,,0.0,0.0,0.0,No microbes listed,None,None,None,Unknown,Xcell International Corp,None,Not available,No safety info available,Not available,Not specified,0.0,0.0
EDIBLE DECORATIONS,1951402,Wilton Industries Inc.,Baking Decorations & Dessert Toppings,United States,10.0,g,0.0,0,0.0,90.0,350.0,,,,,0.0,,,No microbes listed,None,None,None,Unknown,Wilton Industries Inc.,None,Not available,No safety info available,Not available,Not specified,,
EDIBLE DECORATIONS,2253589,Wilton Industries Inc.,Baking Decorations & Dessert Toppings,United States,4.0,g,8.77,0,0.88,52.6,246.0,0.0,35.0,2.53,,596.0,0.0,0.0,No microbes listed,None,None,None,Unknown,Wilton Industries Inc.,None,Not available,No safety info available,Not available,Not specified,0.0,0.0
"EDIBLE DECOR PEARLIZED STARS CANDY, EDIBLE DECOR",2506636,"My Favorite Company, Inc.",Baking Decorations & Dessert Toppings,United States,4.0,IU,0.0,0,0.0,100.0,375.0,0.0,0.0,0.0,0.0,0.0,0.0,0.0,No microbes listed,None,None,None,Unknown,"My Favorite Company, Inc.",None,Not available,No safety info available,Not available,Not specified,,
EDIBLE DECOR PEARLS,2057797,Xcell International Corp,Candy,United States,7.0,g,0.0,0,0.0,85.7,357.0,0.0,0.0,0.0,,0.0,0.0,0.0,No microbes listed,None,None,None,Unknown,Xcell International Corp,None,Not available,No safety info available,Not available,Not specified,0.0,0.0
"FRUIT BASKET JAM, FRUIT BASKET",2669016,Troyer Dist. Co.,"Jam, Jelly & Fruit Spreads",United States,20.0,GRM,0.0,0,0.0,65.0,250.0,,0.0,0.9,175.0,0.0,0.0,0.0,No microbes listed,None,None,None,Unknown,Troyer Dist. Co.,None,Not available,No safety info available,Not available,Not specified,,
BASKET CAKES,2675433,McKee Foods Corporation,"Cakes, Cupcakes, Snack Cakes",United States,68.0,GRM,2.94,0,20.6,61.8,441.0,1.5,15.0,2.94,118.0,279.0,0.0,10.3,No microbes listed,None,None,None,Unknown,McKee Foods Corporation,None,Not available,No safety info available,Not available,Not specified,,
EASTER BASKET,2469594,"P.C. Woo, Inc.",Candy,United States,30.0,g,3.33,0,0.0,73.3,300.0,0.0,,,,83.0,0.0,0.0,No microbes listed,None,None,None,Unknown,"P.C. Woo, Inc.",None,Not available,No safety info available,Not available,Not specified,30700.0,76.7
"EASTER BASKET COOKIE KIT, EASTER BASKET",2606796,Target Stores,"Cake, Cookie & Cupcake Mixes",United States,34.0,GRM,2.94,10,10.3,70.6,382.0,0.0,0.0,1.47,29.0,147.0,0.0,5.88,No microbes listed,None,None,None,Unknown,Target Stores,None,Not available,No safety info available,Not available,Not specified,,
CANDY GIFT,2046879,"Progressive Balloons, Inc.",Chocolate,United States,38.0,g,2.63,50,31.6,68.4,553.0,2.6,53.0,2.84,,66.0,0.0,26.3,No microbes listed,None,None,None,Unknown,"Progressive Balloons, Inc.",None,Not available,No safety info available,Not available,Not specified,0.0,0.0
GIFT SET,2058201,"MSRF, Inc.","Ketchup, Mustard, BBQ & Cheese Sauce",United States,32.0,g,0.0,0,0.0,25.0,94.0,0.0,0.0,0.0,,375.0,0.0,0.0,No microbes listed,None,None,None,Unknown,"MSRF, Inc.",None,Not available,No safety info available,Not available,Not specified,0.0,0.0
"PROGRESSIVE BALLOONS & GIFTS, BAG PALS GIFT",2049994,"Progressive Balloons, Inc.",Candy,United States,15.0,g,0.0,0,0.0,93.3,400.0,,,,,0.0,,,No microbes listed,None,None,None,Unknown,"Progressive Balloons, Inc.",None,Not available,No safety info available,Not available,Not specified,,
"PROGRESSIVE BALLOONS & GIFTS, BALLOON & CANDY GIFT",2046867,"Progressive Balloons, Inc.",Candy,United States,15.0,g,0.0,0,0.0,93.3,400.0,,,,,0.0,,,No microbes listed,None,None,None,Unknown,"Progressive Balloons, Inc.",None,Not available,No safety info available,Not available,Not specified,,
"PROGRESSIVE BALLOONS & GIFTS, PLUSH AND CANDY GIFT",2042837,"Progressive Balloons, Inc.",Candy,United States,38.0,g,2.63,55,31.6,63.2,526.0,2.6,53.0,0.0,,66.0,0.0,29.0,No microbes listed,None,None,None,Unknown,"Progressive Balloons, Inc.",None,Not available,No safety info available,Not available,Not specified,0.0,0.0
"PROGRESSIVE BALLOONS & GIFTS, SUPERHERO BEAR GIFT",2049996,"Progressive Balloons, Inc.",Candy,United States,15.0,g,0.0,0,0.0,93.3,400.0,,,,,0.0,,,No microbes listed,None,None,None,Unknown,"Progressive Balloons, Inc.",None,Not available,No safety info available,Not available,Not specified,,
"GNOCCHI POTATO DUMPLINGS, GNOCCHI",2019424,"Meijer, Inc.",Pasta by Shape & Type,United States,142.0,g,6.34,3,1.41,43.7,211.0,2.8,14.0,1.27,,493.0,14.0,0.35,No microbes listed,None,None,None,Unknown,"Meijer, Inc.",None,Not available,No safety info available,Not available,Not specified,0.0,8.5
GNOCCHI (POTATO DUMPLING),1931819,Nino's LLC,Pasta by Shape & Type,United States,108.0,g,7.41,9,3.24,43.5,231.0,1.9,93.0,0.67,,42.0,18500.0,1.85,No microbes listed,None,None,None,Unknown,Nino's LLC,None,Not available,No safety info available,Not available,Not specified,93.0,1.1
GNOCCHI POTATO DUMPLINGS,2614415,La Gustosa Food Prod & Import,Other Deli,United States,425.0,GRM,1.18,0,0.0,11.3,49.0,0.9,0.0,0.25,,139.0,0.0,0.0,No microbes listed,None,None,None,Unknown,La Gustosa Food Prod & Import,None,Not available,No safety info available,Not available,Not specified,,0.8
"POTATO DUMPLING GNOCCHI, POTATO DUMPLING",2638129,"Meijer, Inc.",Pasta by Shape & Type,United States,123.0,GRM,4.88,2,0.0,43.9,195.0,3.3,16.0,0.88,,407.0,0.0,0.0,No microbes listed,None,None,None,Unknown,"Meijer, Inc.",None,Not available,No safety info available,Not available,Not specified,,24.4
"POTATO DUMPLINGS GNOCCHI, POTATO DUMPLINGS",1954250,Nikki's Italian Products,Pasta by Shape & Type,United States,123.0,g,4.88,0,0.0,43.9,195.0,3.3,407.0,0.88,,407.0,0.0,0.0,No microbes listed,None,None,None,Unknown,Nikki's Italian Products,None,Not available,No safety info available,Not available,Not specified,81.0,1.0
GNOCCHI CAULIFLOWER & POTATO DUMPLINGS,2602629,Cachere Distributing Inc.,Other Deli,United States,140.0,GRM,3.57,0,0.36,37.1,164.0,2.1,0.0,0.0,36.0,407.0,0.0,0.0,No microbes listed,None,None,None,Unknown,Cachere Distributing Inc.,None,Not available,No safety info available,Not available,Not specified,,
GRANDE HARD & SOFT TACO SHELL AND TORTILLA,2596490,"B&G Foods, Inc.",Breads & Buns,United States,66.0,GRM,9.09,8,4.55,54.6,288.0,1.5,152.0,3.33,348.0,500.0,0.0,2.27,No microbes listed,None,None,None,Unknown,"B&G Foods, Inc.",None,Not available,No safety info available,Not available,Not specified,,
"HERBS AND SPICES SEASONED SALT, HERBS AND SPICES",1989251,Spice For Life Table Seasonings & Oils,"Seasoning Mixes, Salts, Marinades & Tenderizers",United States,1.0,g,0.0,0,0.0,0.0,0.0,0.0,0.0,0.0,,15000.0,0.0,0.0,No microbes listed,None,None,None,Unknown,Spice For Life Table Seasonings & Oils,None,Not available,No safety info available,Not available,Not specified,10000.0,0.0
HERB AND SPICE SEASONED COATING,2071882,Diversified Services Corporation,"Seasoning Mixes, Salts, Marinades & Tenderizers",United States,29.0,g,6.9,10,1.72,75.9,345.0,6.9,,1.24,,1970.0,,,No microbes listed,None,None,None,Unknown,Diversified Services Corporation,None,Not available,No safety info available,Not available,Not specified,1720.0,
"SPICE N' HERBS CREOLE SEASONING, SPICE N' HERBS",2679783,"Tony Chachere's Creole Foods of Opelousas, Inc.","Seasoning Mixes, Salts, Marinades & Tenderizers",United States,1.0,GRM,0.0,0,0.0,0.0,0.0,0.0,0.0,0.0,0.0,28000.0,0.0,0.0,No microbes listed,None,None,None,Unknown,"Tony Chachere's Creole Foods of Opelousas, Inc.",None,Not available,No safety info available,Not available,Not specified,,
"BROWN RICE WITH QUINOA & LENTILS SEASONED WITH HERBS & SPICES, HERBS & SPICES",2406451,Preferred Brands International,"Entrees, Sides & Small Meals",United States,250.0,g,2.8,3,1.6,16.4,92.0,1.6,12.0,0.52,60.0,164.0,0.0,0.2,No microbes listed,None,None,None,Unknown,Preferred Brands International,None,Not available,No safety info available,Not available,Not specified,,
"ORGANIC SPRINKLE 24 HERBS & SPICES SEASONING, 24 HERBS & SPICES",1972074,"Auto Wax Company, Inc.",Herbs & Spices,United States,0.699999988079071,g,0.0,0,0.0,0.0,0.0,,,,,0.0,,,No microbes listed,None,None,None,Unknown,"Auto Wax Company, Inc.",None,Not available,No safety info available,Not available,Not specified,,
"SAVORY HERBS & SPICES SEASONED POTATO WEDGES, SAVORY HERBS & SPICES",1968226,"McCain Foods USA, Inc.","French Fries, Potatoes & Onion Rings",United States,85.0,g,2.35,0,8.24,23.5,176.0,2.4,0.0,0.85,329.0,694.0,0.0,1.18,No microbes listed,None,None,None,Unknown,"McCain Foods USA, Inc.",None,Not available,No safety info available,Not available,Not specified,0.0,7.1
"SALTY SNACKING CHOCOLATE GEMS, SALTY",2377146,Hu Products LLC,Chocolate,United States,28.0,g,7.14,40,46.4,42.9,607.0,10.7,,7.14,821.0,268.0,,28.6,No microbes listed,None,None,None,Unknown,Hu Products LLC,None,Not available,No safety info available,Not available,Not specified,,
"FOWL CAPONE TURKEY JERKY, FOWL CAPONE",2163822,"Righteous Felon, LLC",Other Snacks,United States,28.0,g,28.6,0,1.79,25.0,250.0,0.0,71.0,1.43,821.0,643.0,71.0,0.0,No microbes listed,None,None,None,Unknown,"Righteous Felon, LLC",None,Not available,No safety info available,Not available,Not specified,,
"EXOTIC MUSHROOM RAVIOLI, EXOTIC MUSHROOM",2456370,Harris-Teeter Inc.,Pasta by Shape & Type,United States,118.0,g,10.2,15,5.08,36.4,237.0,0.8,85.0,2.29,,339.0,51.0,2.54,No microbes listed,None,None,None,Unknown,Harris-Teeter Inc.,None,Not available,No safety info available,Not available,Not specified,169.0,0.0
"EXOTIC MUSHROOM RAVIOLI, EXOTIC MUSHROOM",2495654,Rafael Padilla & Cia S. En C.,Pasta by Shape & Type,United States,105.0,GRM,8.57,10,4.29,32.4,200.0,2.9,67.0,0.95,181.0,419.0,29.0,1.9,No microbes listed,None,None,None,Unknown,Rafael Padilla & Cia S. En C.,None,Not available,No safety info available,Not available,Not specified,,
EXOTIC SAUCE,1901046,Melinda's Limited,Other Cooking Sauces,United States,5.0,g,16.0,0,0.2,100.0,20.0,0.0,,,,3.0,0.0,0.0,No microbes listed,None,None,None,Unknown,Melinda's Limited,None,Not available,No safety info available,Not available,Not specified,,
"EXOTIC FRUIT PREMIUM MUESLI, EXOTIC FRUIT",2160548,Aldi Inc.,Cereal,United States,60.0,g,11.7,0,18.3,60.0,450.0,8.3,50.0,3.0,400.0,17.0,0.0,5.0,No microbes listed,None,None,None,Unknown,Aldi Inc.,None,Not available,No safety info available,Not available,Not specified,,
"EXOTIC FRUITS SOFT CANDY, EXOTIC FRUITS",2162800,"Houweling Utah Operations, Inc.",Candy,United States,35.0,g,0.0,0,0.0,85.7,343.0,,,,,0.0,0.0,0.0,No microbes listed,None,None,None,Unknown,"Houweling Utah Operations, Inc.",None,Not available,No safety info available,Not available,Not specified,,
"EXOTIC GREENS MASTER BREW KOMBUCHA, EXOTIC GREENS",1838115,"PepsiCo, Inc. ",Other Drinks,United States,240.0,ml,0.0,0,0.0,3.33,15.0,,,,,4.0,,,No microbes listed,None,None,None,Unknown,"PepsiCo, Inc. ",None,Not available,No safety info available,Not available,Not specified,,
EXOTIC BAMBOO RICE,2033003,Woodland Foods,Rice,United States,45.0,g,6.67,0,0.0,80.0,356.0,0.0,0.0,0.8,,0.0,0.0,0.0,No microbes listed,None,None,None,Unknown,Woodland Foods,None,Not available,No safety info available,Not available,Not specified,0.0,0.0
EXOTIC CHOP SUEY,2067391,Caldwell & Son Inc.,Pre-Packaged Fruit & Vegetables,United States,85.0,g,1.18,0,0.0,4.71,24.0,2.4,47.0,0.42,,47.0,0.0,0.0,No microbes listed,None,None,None,Unknown,Caldwell & Son Inc.,None,Not available,No safety info available,Not available,Not specified,1470.0,35.3
EXOTIC FRUIT MIX,1941299,"Snack World, LLC","Popcorn, Peanuts, Seeds & Related Snacks",United States,30.0,g,10.0,6,23.3,50.0,450.0,6.7,67.0,3.0,,33.0,0.0,3.33,No microbes listed,None,None,None,Unknown,"Snack World, LLC",None,Not available,No safety info available,Not available,Not specified,0.0,0.0
"HEBREW NATIONAL Polish Beef Sausage Lunchmeats, 12 OZ",2520654,Conagra Brands Inc,Meat/Poultry/Other Animals  Prepared/Processed,United States,85.0,GRM,11.8,0,27.1,0.76,294.0,0.0,0.0,4.87,165.0,1020.0,47.0,10.6,No microbes listed,None,None,None,Unknown,Conagra Brands Inc,None,Not available,No safety info available,Not available,Not specified,0.0,0.0
FROZEN DAIRY DESSERT,2059648,HP Hood LLC,Other Frozen Desserts,United States,66.0,g,4.55,9,6.06,33.3,197.0,0.4,91.0,0.0,,197.0,15.0,3.03,No microbes listed,None,None,None,Unknown,HP Hood LLC,None,Not available,No safety info available,Not available,Not specified,0.0,0.0
FROZEN DAIRY DESSERT SANDWICH,2416985,Big Drum,Ice Cream & Frozen Yogurt,United States,75.0,g,4.0,10,9.33,50.7,293.0,1.3,53.0,2.53,107.0,280.0,7.0,2.67,No microbes listed,None,None,None,Unknown,Big Drum,None,Not available,No safety info available,Not available,Not specified,,
"FROZEN DAIRY DESSERT, CHOCOLATE",1930844,"Associated Wholesale Grocers, Inc.",Ice Cream & Frozen Yogurt,United States,85.0,g,2.35,10,3.53,23.5,141.0,0.0,98.0,0.0,149.0,71.0,18.0,2.35,No microbes listed,None,None,None,Unknown,"Associated Wholesale Grocers, Inc.",None,Not available,No safety info available,Not available,Not specified,,
TOASTER PASTRIES,2119969,Nash Finch Company,"Croissants, Sweet Rolls, Muffins & Other Pastries",United States,104.0,g,2.88,23,8.65,71.2,375.0,1.0,29.0,4.81,304.0,250.0,0.0,4.33,No microbes listed,None,None,None,Unknown,Nash Finch Company,None,Not available,No safety info available,Not available,Not specified,,
TOASTER PASTRIES,2119986,Nash Finch Company,"Croissants, Sweet Rolls, Muffins & Other Pastries",United States,104.0,g,3.85,25,10.6,70.2,385.0,1.9,35.0,5.77,388.0,260.0,0.0,4.81,No microbes listed,None,None,None,Unknown,Nash Finch Company,None,Not available,No safety info available,Not available,Not specified,,
TOASTER PASTRIES,584631,NATURE'S PATH,"Croissants, Sweet Rolls, Muffins & Other Pastries",United States,104.0,g,5.77,30,9.62,73.1,404.0,1.9,0.0,3.85,177.0,250.0,0.0,5.77,No microbes listed,None,None,None,Unknown,NATURE'S PATH,None,Not available,No safety info available,Not available,Not specified,,
TOASTER PASTRIES,2119987,Nash Finch Company,"Croissants, Sweet Rolls, Muffins & Other Pastries",United States,104.0,g,2.88,25,9.62,71.2,385.0,1.0,40.0,4.81,315.0,240.0,0.0,4.81,No microbes listed,None,None,None,Unknown,Nash Finch Company,None,Not available,No safety info available,Not available,Not specified,,
"EGGPLANT APPETIZER CAPONATA, EGGPLANT APPETIZER",2656331,Wakefern Food Corporation,"Pickles, Olives, Peppers & Relishes",United States,100.0,GRM,1.0,5,4.0,9.0,70.0,3.0,21.0,1.0,480.0,450.0,0.0,1.0,No microbes listed,None,None,None,Unknown,Wakefern Food Corporation,None,Not available,No safety info available,Not available,Not specified,,
APPETIZER OLIVES,2676857,"G L Mezzetta, Inc.","Pickles, Olives, Peppers & Relishes",United States,15.0,GRM,0.0,0,16.7,6.67,200.0,0.0,0.0,0.0,,800.0,0.0,0.0,No microbes listed,None,None,None,Unknown,"G L Mezzetta, Inc.",None,Not available,No safety info available,Not available,Not specified,,0.0
EGGPLANT APPETIZER,2093934,Soofer Co. Inc.,Canned Vegetables,United States,110.0,g,1.82,7,10.0,8.18,118.0,3.6,18.0,0.49,,409.0,0.0,0.91,No microbes listed,None,None,None,Unknown,Soofer Co. Inc.,None,Not available,No safety info available,Not available,Not specified,0.0,4.4
EGGPLANT APPETIZER,2443099,Vigo Importing Company,"Pickles, Olives, Peppers & Relishes",United States,100.0,g,2.0,8,13.0,6.0,150.0,7.0,0.0,2.52,,470.0,0.0,1.5,No microbes listed,None,None,None,Unknown,Vigo Importing Company,None,Not available,No safety info available,Not available,Not specified,0.0,0.0
PASTRY APPETIZERS,2067160,"Wal-Mart Stores, Inc.",Frozen Appetizers & Hors D'oeuvres,United States,96.0,g,5.21,0,20.8,29.2,333.0,1.0,62.0,2.81,42.0,292.0,57.0,13.5,No microbes listed,None,None,None,Unknown,"Wal-Mart Stores, Inc.",None,Not available,No safety info available,Not available,Not specified,1040.0,2.5
"ALESSI, EGGPLANT APPETIZER",2083618,Vigo Importing Company,Prepared Pasta & Pizza Sauces,United States,110.0,g,1.82,8,11.8,5.45,136.0,6.4,0.0,2.29,,427.0,0.0,1.36,No microbes listed,None,None,None,Unknown,Vigo Importing Company,None,Not available,No safety info available,Not available,Not specified,0.0,0.0
CAPONATA EGGPLANT APPETIZER,2564682,Wakefern Food Corporation,"Pickles, Olives, Peppers & Relishes",United States,100.0,GRM,1.0,5,4.0,9.0,70.0,3.0,21.0,1.0,480.0,450.0,0.0,1.0,No microbes listed,None,None,None,Unknown,Wakefern Food Corporation,None,Not available,No safety info available,Not available,Not specified,,
CAPONATA EGGPLANT APPETIZER,2021792,Casa Imports Inc.,"Pickles, Olives, Peppers & Relishes",United States,56.0,g,1.79,5,14.3,10.7,179.0,1.8,36.0,0.64,,625.0,0.0,1.79,No microbes listed,None,None,None,Unknown,Casa Imports Inc.,None,Not available,No safety info available,Not available,Not specified,357.0,10.7
EGGPLANT APPETIZER CAPONATA,508789,DIL CITA,Chili & Stew,United States,100.0,g,1.0,10,6.5,5.0,85.0,5.0,180.0,0.36,,480.0,0.0,2.0,No microbes listed,None,None,None,Unknown,DIL CITA,None,Not available,No safety info available,Not available,Not specified,0.0,1.2
EGGPLANT APPETIZER CAPONATA,2568113,"Alanric Food Distributors, Inc.","Pickles, Olives, Peppers & Relishes",United States,100.0,GRM,1.0,5,4.0,9.0,71.0,3.0,0.0,1.12,480.0,450.0,0.0,1.0,No microbes listed,None,None,None,Unknown,"Alanric Food Distributors, Inc.",None,Not available,No safety info available,Not available,Not specified,,
STROMBOLI,2677200,Palermo Villa Inc.,Pizza,United States,130.0,GRM,12.3,8,12.3,25.4,269.0,1.5,154.0,2.08,,623.0,35.0,5.38,No microbes listed,None,None,None,Unknown,Palermo Villa Inc.,None,Not available,No safety info available,Not available,Not specified,,9.2
CALZONE,2543765,"7-Eleven, Inc.",Other Deli,United States,198.0,GRM,11.6,45,10.6,29.8,268.0,1.0,177.0,0.55,,586.0,20.0,4.55,No microbes listed,None,None,None,Unknown,"7-Eleven, Inc.",None,Not available,No safety info available,Not available,Not specified,152.0,4.5
HANDMADE STROMBOLI,1892799,Leonettis Frozen Food,Frozen Bread & Dough,United States,198.0,g,10.6,45,9.6,32.3,263.0,1.0,101.0,1.82,,702.0,20.0,4.55,No microbes listed,None,None,None,Unknown,Leonettis Frozen Food,None,Not available,No safety info available,Not available,Not specified,253.0,1.2
MARGHERITA STROMBOLI,2615488,"Uno Restaurants, Inc.",Other Deli,United States,142.0,GRM,10.6,15,9.15,27.5,232.0,1.4,176.0,0.76,,451.0,21.0,4.23,No microbes listed,None,None,None,Unknown,"Uno Restaurants, Inc.",None,Not available,No safety info available,Not available,Not specified,,2.5
PEPPERONI STROMBOLI,1932046,Smithfield Packaged Meats Corp.,Other Deli,United States,198.0,g,16.7,80,18.7,23.2,323.0,1.0,227.0,1.82,,944.0,43.0,8.08,No microbes listed,None,None,None,Unknown,Smithfield Packaged Meats Corp.,None,Not available,No safety info available,Not available,Not specified,152.0,3.0
CALZONE PEPPERONI,1895533,Old Fashioned Kettle Corn,Pizza,United States,170.0,g,12.4,60,17.1,26.5,312.0,1.8,147.0,1.06,,941.0,35.0,7.06,No microbes listed,None,None,None,Unknown,Old Fashioned Kettle Corn,None,Not available,No safety info available,Not available,Not specified,294.0,2.1
"CALZONE, PEPPERONI",1933725,"Hearthside USA, LLC",Pizza,United States,198.0,g,12.6,65,15.2,29.8,308.0,1.0,202.0,0.73,,657.0,25.0,6.57,No microbes listed,None,None,None,Unknown,"Hearthside USA, LLC",None,Not available,No safety info available,Not available,Not specified,253.0,7.6
SUPREME CALZONE,1896396,"Champion Foods, LLC",Pizza,United States,113.0,g,12.4,30,11.5,23.9,239.0,2.7,177.0,0.96,,469.0,27.0,5.31,No microbes listed,None,None,None,Unknown,"Champion Foods, LLC",None,Not available,No safety info available,Not available,Not specified,265.0,8.0
"MAC ATTACK MAC & CHEESE PIZZA, MAC & CHEESE",2103710,"Bernatello's Pizza, Inc.",Pizza,United States,144.0,g,9.72,35,9.72,31.9,236.0,7.6,278.0,1.25,,521.0,17.0,4.86,No microbes listed,None,None,None,Unknown,"Bernatello's Pizza, Inc.",None,Not available,No safety info available,Not available,Not specified,208.0,0.0
"MAC & CHEESE BITES, MAC & CHEESE",2620565,Wakefern Food Corporation,Frozen Appetizers & Hors D'oeuvres,United States,90.0,GRM,7.78,18,14.4,35.6,300.0,1.1,122.0,1.22,89.0,489.0,11.0,3.89,No microbes listed,None,None,None,Unknown,Wakefern Food Corporation,None,Not available,No safety info available,Not available,Not specified,,
"MAC & CHEESE BITES, MAC & CHEESE",2600579,Conagra Frozen Foods,Frozen Appetizers & Hors D'oeuvres,United States,274.0,GRM,3.65,30,6.93,29.6,197.0,1.5,51.0,0.8,190.0,361.0,4.0,2.19,No microbes listed,None,None,None,Unknown,Conagra Frozen Foods,None,Not available,No safety info available,Not available,Not specified,,
"MAC & CHEESE BITES, MAC & CHEESE",2612220,Harris-Teeter Inc.,Frozen Appetizers & Hors D'oeuvres,United States,85.0,GRM,10.6,30,17.6,32.9,341.0,1.2,141.0,1.18,114.0,565.0,53.0,7.06,No microbes listed,None,None,None,Unknown,Harris-Teeter Inc.,None,Not available,No safety info available,Not available,Not specified,,
"MAC & CHEESE BLEND, MAC & CHEESE",2384513,Rafael Padilla & Cia S. En C.,Cheese,United States,113.0,g,8.85,45,12.4,1.77,150.0,0.0,221.0,0.0,0.0,221.0,40.0,7.96,No microbes listed,None,None,None,Unknown,Rafael Padilla & Cia S. En C.,None,Not available,No safety info available,Not available,Not specified,,
"MAC & CHEESE CUP, MAC & CHEESE",2423842,"Giant Eagle, Inc.",Pasta Dinners,United States,58.0,g,12.1,10,5.17,69.0,379.0,1.7,172.0,3.62,414.0,810.0,9.0,3.45,No microbes listed,None,None,None,Unknown,"Giant Eagle, Inc.",None,Not available,No safety info available,Not available,Not specified,,
MEAL KIT,2431009,CIY Foods Inc,Other Deli,United States,386.0,g,13.0,35,4.15,22.0,176.0,0.5,43.0,0.26,235.0,93.0,40.0,1.81,No microbes listed,None,None,None,Unknown,CIY Foods Inc,None,Not available,No safety info available,Not available,Not specified,,
MEAL KIT,2477630,Dominick's Finer Foods,"Poultry, Chicken & Turkey",United States,655.0,g,9.16,70,6.41,7.63,128.0,0.9,73.0,0.61,255.0,85.0,40.0,2.14,No microbes listed,None,None,None,Unknown,Dominick's Finer Foods,None,Not available,No safety info available,Not available,Not specified,,
"CHICKEN POT PIES, CHICKEN",2573158,Marie Callender's Retail Foods,Frozen Dinners & Entrees,United States,283.0,GRM,6.01,75,12.7,19.4,216.0,0.7,11.0,1.7,95.0,336.0,11.0,5.3,No microbes listed,None,None,None,Unknown,Marie Callender's Retail Foods,None,Not available,No safety info available,Not available,Not specified,,
"CHICKEN POT PIES, CHICKEN",2654547,Marie Callender's Retail Foods,Frozen Dinners & Entrees,United States,283.0,GRM,6.01,75,12.7,19.4,216.0,0.7,11.0,1.7,95.0,336.0,11.0,5.3,No microbes listed,None,None,None,Unknown,Marie Callender's Retail Foods,None,Not available,No safety info available,Not available,Not specified,,
"CHICKEN POT PIES, CHICKEN",2573191,Marie Callender's Retail Foods,Frozen Dinners & Entrees,United States,200.0,GRM,5.5,55,13.0,20.0,220.0,1.0,15.0,1.75,95.0,325.0,10.0,5.5,No microbes listed,None,None,None,Unknown,Marie Callender's Retail Foods,None,Not available,No safety info available,Not available,Not specified,,
"POMEGRANATE JUICE, POMEGRANATE",2372498,"Safeway, Inc.",Pre-Packaged Fruit & Vegetables,United States,240.0,ml,0.0,0,0.0,15.8,62.0,0.0,8.0,0.0,196.0,6.0,0.0,0.0,No microbes listed,None,None,None,Unknown,"Safeway, Inc.",None,Not available,No safety info available,Not available,Not specified,,
"POMEGRANATE JUICE, POMEGRANATE",2548959,"United Natural Foods, Inc.","Fruit & Vegetable Juice, Nectars & Fruit Drinks",United States,240.0,MLT,0.0,1,0.0,16.7,67.0,,,,179.0,15.0,,,No microbes listed,None,None,None,Unknown,"United Natural Foods, Inc.",None,Not available,No safety info available,Not available,Not specified,,
